{
 "L1a": {
  "features": [
   "n_gap",
   "n_prevret",
   "n_ret79",
   "n_range79",
   "n_vol79",
   "n_ret5d",
   "spread_entry",
   "pos_prev_range",
   "n_ret9T",
   "n_range9T"
  ],
  "scaler_mean": [
   0.04238456715216486,
   0.016739440449591074,
   0.012697904168072554,
   0.25195410591318546,
   1.4847755628879116,
   0.1898308412404206,
   0.28306148055204,
   0.6188770496058892,
   0.024423154452452616,
   0.2783522016854538
  ],
  "scaler_scale": [
   0.34785497146249844,
   0.7159628304292547,
   0.16682572088821715,
   0.18009520908302254,
   1.013323421251556,
   1.3349038072727388,
   0.3052886615320183,
   0.5936059755437998,
   0.19378265205946416,
   0.14125001948187693
  ],
  "coef": [
   0.03322011363072741,
   -0.13438784240296592,
   0.010191516613807553,
   0.0006544586526845429,
   -0.24461537137679018,
   0.25257018042861196,
   -0.21975787500285135,
   -0.10074542572335635,
   0.03514769043245666,
   0.03702603374717926
  ],
  "intercept": 0.2350437651101747,
  "q25": 0.5187506137747238,
  "q50": 0.5695158315758181,
  "q75": 0.6142666207240748,
  "train_n": 797,
  "train_end": "2026-07-10",
  "wf_auc_mean": 0.602,
  "tier_stats": {
   "STRONG": {
    "n": 126,
    "wr": 61.1,
    "mp": 3.13,
    "pf": 2.24
   },
   "GO": {
    "n": 112,
    "wr": 61.6,
    "mp": 2.72,
    "pf": 2.07
   },
   "WEAK": {
    "n": 79,
    "wr": 54.4,
    "mp": 1.61,
    "pf": 1.53
   },
   "NOGO": {
    "n": 82,
    "wr": 46.3,
    "mp": 0.25,
    "pf": 1.06
   }
  }
 },
 "L1b": {
  "features": [
   "n_gap",
   "n_prevret",
   "n_ret79",
   "n_range79",
   "n_vol79",
   "n_ret5d",
   "spread_entry",
   "pos_prev_range",
   "n_ret9T",
   "n_range9T"
  ],
  "scaler_mean": [
   0.04238456715216486,
   0.016739440449591074,
   0.012697904168072554,
   0.25195410591318546,
   1.4847755628879116,
   0.1898308412404206,
   0.28306148055204,
   0.6188770496058892,
   0.024423154452452616,
   0.2783522016854538
  ],
  "scaler_scale": [
   0.34785497146249844,
   0.7159628304292547,
   0.16682572088821715,
   0.18009520908302254,
   1.013323421251556,
   1.3349038072727388,
   0.3052886615320183,
   0.5936059755437998,
   0.19378265205946416,
   0.14125001948187693
  ],
  "coef": [
   0.11959822466672619,
   -0.04884104744614016,
   0.12807143561800335,
   -0.02073727249085199,
   -0.08330206231191938,
   0.2753498096750631,
   -0.42732210048131936,
   -0.19285809095362452,
   -0.03890309866084074,
   -0.023335419896317097
  ],
  "intercept": 0.12336868099162261,
  "q25": 0.4888228388160198,
  "q50": 0.5463363023152404,
  "q75": 0.5990291501021919,
  "train_n": 797,
  "train_end": "2026-07-10",
  "wf_auc_mean": 0.636,
  "tier_stats": {
   "STRONG": {
    "n": 147,
    "wr": 60.5,
    "mp": 3.46,
    "pf": 2.13
   },
   "GO": {
    "n": 114,
    "wr": 59.6,
    "mp": 2.73,
    "pf": 1.84
   },
   "WEAK": {
    "n": 82,
    "wr": 48.8,
    "mp": 2.03,
    "pf": 1.55
   },
   "NOGO": {
    "n": 56,
    "wr": 42.9,
    "mp": -0.5,
    "pf": 0.9
   }
  }
 },
 "L1c": {
  "features": [
   "n_gap",
   "n_prevret",
   "n_ret79",
   "n_range79",
   "n_vol79",
   "n_ret5d",
   "spread_entry",
   "pos_prev_range",
   "n_ret9T",
   "n_range9T"
  ],
  "scaler_mean": [
   0.026744828442290265,
   0.03906003688527022,
   0.01770310826643739,
   0.2483127608460039,
   1.535550793592114,
   0.14880377463018182,
   0.5589711417816936,
   0.6048109651543202,
   0.0172080902723376,
   0.25163065940328816
  ],
  "scaler_scale": [
   0.3177532460919041,
   0.6879218439986262,
   0.17646351893087842,
   0.2241456755854696,
   1.22638778975799,
   1.297136996729123,
   0.6889414682834246,
   0.5439882568747951,
   0.17394449574242254,
   0.12839004561797504
  ],
  "coef": [
   -0.000271048271627584,
   -0.064516546835822,
   -0.075237778362082,
   -0.27873959119906266,
   0.19694032926236402,
   0.2130534563576037,
   -0.1899561632368261,
   0.10551968234135845,
   -0.18546937112839762,
   0.077604053780563
  ],
  "intercept": 0.2538184453437822,
  "q25": 0.5186682963167604,
  "q50": 0.5632311961510714,
  "q75": 0.6125574878397249,
  "train_n": 797,
  "train_end": "2026-07-10",
  "wf_auc_mean": 0.539,
  "tier_stats": {
   "STRONG": {
    "n": 120,
    "wr": 65.0,
    "mp": 4.0,
    "pf": 2.0
   },
   "GO": {
    "n": 121,
    "wr": 63.6,
    "mp": 3.63,
    "pf": 2.01
   },
   "WEAK": {
    "n": 79,
    "wr": 59.5,
    "mp": 2.53,
    "pf": 1.65
   },
   "NOGO": {
    "n": 79,
    "wr": 53.2,
    "mp": 0.73,
    "pf": 1.13
   }
  }
 }
}