{
 "features": [
  "n_gap",
  "n_prevret",
  "n_ret79",
  "n_range79",
  "n_vol79",
  "n_ret5d",
  "spread_entry",
  "pos_prev_range",
  "n_ret9T",
  "n_range9T"
 ],
 "scaler_mean": [
  0.04238456715216486,
  0.016739440449591074,
  0.012697904168072554,
  0.25195410591318546,
  1.4847755628879116,
  0.1898308412404206,
  0.28306148055204,
  0.6188770496058892,
  0.024423154452452616,
  0.2783522016854538
 ],
 "scaler_scale": [
  0.34785497146249844,
  0.7159628304292547,
  0.16682572088821715,
  0.18009520908302254,
  1.013323421251556,
  1.3349038072727388,
  0.3052886615320183,
  0.5936059755437998,
  0.19378265205946416,
  0.14125001948187693
 ],
 "coef": [
  0.03322011363072741,
  -0.13438784240296592,
  0.010191516613807553,
  0.0006544586526845429,
  -0.24461537137679018,
  0.25257018042861196,
  -0.21975787500285135,
  -0.10074542572335635,
  0.03514769043245666,
  0.03702603374717926
 ],
 "intercept": 0.2350437651101747,
 "q25": 0.5187506137747238,
 "q50": 0.5695158315758181,
 "q75": 0.6142666207240748,
 "train_n": 797,
 "train_end": "2026-07-10"
}